<!DOCTYPE struts PUBLIC
"-//Apache Software Foundation//DTD Struts Configuration 2.0//EN"
"http://struts.apache.org/dtds/struts-2.0.dtd">

<struts>
    <include file="example.xml"/>
    <!-- Configuration for the default package. -->
    <package name="default" extends="struts-default">
        <action name="DiHola" class="entidades.HelloWorld" method="execute">
            <result name="success">/JSP/resultado.jsp</result>
            <result name="error">/JSP/error.jsp</result>
        </action>
    </package>
</struts>
