<?xml version="1.0" encoding="UTF-8"?>
<project-private xmlns="http://www.netbeans.org/ns/project-private/1">
    <editor-bookmarks xmlns="http://www.netbeans.org/ns/editor-bookmarks/2" lastBookmarkId="0"/>
    <open-files xmlns="http://www.netbeans.org/ns/projectui-open-files/2">
        <group>
            <file>file:/E:/0.Aplica_EWM/JavaWeb_CPEX/Sesion2_CasoDesa1/src/java/controller/RegisterAction.java</file>
            <file>file:/E:/0.Aplica_EWM/JavaWeb_CPEX/Sesion2_CasoDesa1/web/register.jsp</file>
            <file>file:/E:/0.Aplica_EWM/JavaWeb_CPEX/Sesion2_CasoDesa1/web/resultado.jsp</file>
            <file>file:/E:/0.Aplica_EWM/JavaWeb_CPEX/Sesion2_CasoDesa1/web/WEB-INF/web.xml</file>
            <file>file:/E:/0.Aplica_EWM/JavaWeb_CPEX/Sesion2_CasoDesa1/src/java/struts.xml</file>
        </group>
    </open-files>
</project-private>
