<!DOCTYPE struts PUBLIC
"-//Apache Software Foundation//DTD Struts Configuration 2.0//EN"
"http://struts.apache.org/dtds/struts-2.0.dtd">

<struts>
    <!-- Configuration for the default package. -->
    <package name="default" extends="struts-default">
        <action name="*Register" method="{1}" class="controller.RegisterAction">
            <result name="populate">/register.jsp</result>
            <result name="input">/register.jsp</result>
            <result name="success">/resultado.jsp</result>
        </action>         
    </package>
</struts>
